assignedto,ID,ID_notunique,GEOID,state,county,place,muncipalcode,site,priority1129,priority1130,Use for model,complex?,zoningchapter,List of Zoning Districts,Residential_density_section,Table or text,Zoning chapter or density table as PDF? (new field),Other district density section,Notes,
Jacob,,30,151696,Alabama,Jefferson County,MOUNTAIN BROOK,https://library.municode.com/al/mountain_brook,Municode,0,1,1,N/A,https://library.municode.com/al/mountain_brook/codes/code_of_ordinances?nodeId=PTIILADERE_CH129ZO,https://library.municode.com/al/mountain_brook/codes/code_of_ordinances?nodeId=PTIILADERE_CH129ZO_ARTIIPUESFU_S129-18ESDI,,text,,,different density section for each district,
Jacob,,16,100820,Alabama,Shelby County,ALABASTER,https://library.municode.com/al/alabaster,Municode,0,1,1,N/A,https://library.municode.com/al/alabaster/codes/code_of_ordinances?nodeId=PTIILADEOR_CH111ZOGE,https://library.municode.com/al/alabaster/codes/code_of_ordinances?nodeId=PTIILADEOR_CH111ZOGE_ARTIINGE_S111-4ZODIES,https://library.municode.com/al/alabaster/codes/code_of_ordinances?nodeId=PTIILADEOR_CH111ZOGE_ARTIIIZODI,multiple tables,,,,
Jacob,,135,444410,Arizona,Pinal County,MARICOPA,https://maricopa.municipal.codes/,Codebook,1,1,1,N/A,https://maricopa.municipal.codes/MCC/18,https://maricopa.municipal.codes/MCC/18.10.010,https://maricopa.municipal.codes/MCC/18.35.030,table  ,,,"different density table for rural, residential, commercial, etc",
Jacob,,441,617988,California,Contra Costa County,DANVILLE,https://codelibrary.amlegal.com/codes/danvilleca/latest/overview,Americal Legal Publishing,0,1,1,N/A,https://codelibrary.amlegal.com/codes/danvilleca/latest/danville_ca/0-0-0-7018,https://codelibrary.amlegal.com/codes/danvilleca/latest/danville_ca/0-0-0-7662,https://codelibrary.amlegal.com/codes/danvilleca/latest/danville_ca/0-0-0-16381,table,,,,
Jacob,,453,653070,California,Contra Costa County,OAKLEY,https://www.codepublishing.com/CA/Oakley/,Codebook,0,1,1,"can depend on single family dwelling versus duplex, multifamily, etc",https://www.codepublishing.com/CA/Oakley/#!/Oakley09/Oakley09.html,https://www.codepublishing.com/CA/Oakley/#!/Oakley09/Oakley091.html#9.1,https://www.codepublishing.com/CA/Oakley/#!/Oakley09/Oakley091.html#9.1,multiple tables,,,need to keep scrolling down to find each individual density table,
Jacob,,426,612552,California,Los Angeles County,CERRITOS,https://www.codepublishing.com/CA/Cerritos/,Codebook,1,1,1,N/A,https://www.codepublishing.com/CA/Cerritos/#!/Cerritos22/Cerritos22.html,https://www.codepublishing.com/CA/Cerritos/#!/Cerritos22/Cerritos2201.html#22.01,https://www.codepublishing.com/CA/Cerritos/#!/Cerritos22/Cerritos2222.html#22.22,text,,,need other links because each district has its own link to its density section,
Jacob,,472,678148,California,Los Angeles County,TEMPLE CITY,https://codelibrary.amlegal.com/codes/templecityca/latest/overview,Americal Legal Publishing,0,1,1,N/A,https://codelibrary.amlegal.com/codes/templecityca/latest/templecity_ca/0-0-0-34203,https://codelibrary.amlegal.com/codes/templecityca/latest/templecity_ca/0-0-0-34264#JD_9-1B-1,https://codelibrary.amlegal.com/codes/templecityca/latest/templecity_ca/0-0-0-35714,text,,,,
Matt A.,,463,644028,California,Merced County,LOS BANOS,http://qcode.us/codes/losbanos/?view=desktop,Quality Code,0,1,,,,,,,,,,
Matt A.,,434,641474,California,Placer County,LINCOLN,https://library.municode.com/ca/lincoln,Municode,1,1,,,,,,,,,,
Matt A.,,436,604758,California,Riverside County,BEAUMONT,https://library.municode.com/ca/beaumont,Municode,0,1,,,,,,,,,,
Matt A.,,455,640354,California,Riverside County,LA QUINTA,https://library.municode.com/ca/la_quinta,Municode,0,1,,,,,,,,,,
Matt A.,,468,649138,California,Ventura County,MOORPARK,http://qcode.us/codes/moorpark/?view=desktop,Quality Code,0,1,,,,,,,,,,
Matt A.,,759,812387,Colorado,Douglas County,CASTLE PINES,https://library.municode.com/co/castle_pines,Municode,0,1,,,,,,,,,,
Matt A.,,740,827865,Colorado,El Paso County,FOUNTAIN,https://library.municode.com/co/fountain,Municode,0,1,,,,,,,,,,
Matt A.,,750,839855,Colorado,Larimer County,JOHNSTOWN,https://library.municode.com/co/johnstown,Municode,1,1,,,,,,,,,,
Matt A.,,762,883230,Colorado,Larimer County,WELLINGTON,https://library.municode.com/co/wellington,Municode,1,1,,,,,,,,,,
Matt A.,,743,824950,Colorado,Weld County,ERIE,https://library.municode.com/co/erie,Municode,1,1,,,,,,,,,,
Matt A.,,742,885485,Colorado,Weld County,WINDSOR,https://library.municode.com/co/windsor,Municode,0,1,,,,,,,,,,
Matt A.,,924,900118850,Connecticut,Fairfield County,DARIEN,https://library.municode.com/ct/darien,Municode,1,1,,,,,,,,,,
Jacob,,901,900177200,Connecticut,Fairfield County,TRUMBULL,https://portal.ct.gov/-/media/CSC/1_Dockets-medialibrary/Docket_446/1_Application/Bulk/TrumbullZoningRegulationspdf.pdf,Municode,0,1,1,depends on how many stories the building is,https://portal.ct.gov/-/media/CSC/1_Dockets-medialibrary/Docket_446/1_Application/Bulk/TrumbullZoningRegulationspdf.pdf,,,,,,"Link does not include zoning code. Did separate research and found a pdf document with necessary information. However, as a pdf it won't let me link to individual sections for the other columns",
Jacob,,910,900183500,Connecticut,Fairfield County,WESTPORT,http://online.encodeplus.com/regs/westport-ct/doc-viewer.aspx?secid=671#secid--1,Municode,1,1,1,N/A,http://online.encodeplus.com/regs/westport-ct/doc-viewer.aspx?secid=671#secid--1,http://online.encodeplus.com/regs/westport-ct/doc-viewer.aspx?secid=671#secid-671,http://online.encodeplus.com/regs/westport-ct/doc-viewer.aspx?secid=977#secid-5977,table,,,,
Jacob,,911,900183500,Connecticut,Fairfield County,WESTPORT,https://ecode360.com/WE0657,General Code,1,1,0,,,,,,,,This is a repeat line,
Jacob,,1132,1214125,Florida,Broward County,COOPER CITY,https://codelibrary.amlegal.com/codes/coopercity/latest/overview,Americal Legal Publishing,1,1,1,N/A,https://codelibrary.amlegal.com/codes/coopercity/latest/coppercity_fl/0-0-0-7400,https://codelibrary.amlegal.com/codes/coopercity/latest/coppercity_fl/0-0-0-7400,https://codelibrary.amlegal.com/codes/coopercity/latest/coppercity_fl/0-0-0-7479,table,,,,
Jacob,,1141,1255125,Florida,Broward County,PARKLAND,https://library.municode.com/fl/parkland,Municode,0,1,1,N/A,https://library.municode.com/fl/parkland/codes/code_of_ordinances?nodeId=PTIICOOR_APXBLADECO,https://library.municode.com/fl/parkland/codes/code_of_ordinances?nodeId=PTIICOOR_APXBLADECO_ART10DI_DIV1GE,https://library.municode.com/fl/parkland/ordinances/code_of_ordinances?nodeId=982358,table,,,,
Jacob,,1155,1264825,Florida,Indian River County,SEBASTIAN,https://library.municode.com/fl/sebastian,Municode,0,1,1,N/A,https://library.municode.com/fl/sebastian/codes/land_development_code?nodeId=LADECOSEFL,https://library.municode.com/fl/sebastian/codes/land_development_code?nodeId=CHIIDIGERE_ARTIVLAUSCO_S54-2-4.2FULAUSMAFLDEZODI,https://library.municode.com/fl/sebastian/codes/land_development_code?nodeId=CHIIDIGERE_ARTVZODIRE,text,,,,
Jacob,,1111,1251075,Florida,Orange County,OCOEE,https://library.municode.com/fl/ocoee,Municode,0,1,1,N/A,https://library.municode.com/fl/ocoee/codes/land_development_code,https://library.municode.com/fl/ocoee/codes/land_development_code?nodeId=ARTVLAUSDEREZO_S5-3ESZODI,https://library.municode.com/fl/ocoee/codes/land_development_code?nodeId=ARTVLAUSDEREZO_S5-20DOFRRE,table,,,,
Jacob,,1124,1253575,Florida,Seminole County,OVIEDO,https://library.municode.com/fl/oviedo,Municode,0,1,1,N/A,https://library.municode.com/fl/oviedo/codes/land_development_code,https://library.municode.com/fl/oviedo/codes/land_development_code?nodeId=ARTIVZODIRE_S4.1OFZOMA,https://library.municode.com/fl/oviedo/codes/land_development_code?nodeId=ARTIVZODIRE_S4.12MILOUSRE,table,,,,
Jacob,,1565,1339524,Georgia,Cherokee County,HOLLY SPRINGS,https://hollyspringsga.us/Departments/Community%20Development/Zoning%20Ordinance%202018%20(11052018)_FINAL%20with%20Links1.pdf,Municode,0,1,0,,https://hollyspringsga.us/Departments/Community%20Development/Zoning%20Ordinance%202018%20(11052018)_FINAL%20with%20Links1.pdf,,,,,,"Link does not include zoning code. Did separate research and found a pdf document with necessary information. However, as a pdf it won't let me link to individual sections for the other columns",
Jacob,,1544,1362524,Georgia,Cobb County,POWDER SPRINGS,https://www.cityofpowdersprings.org/664/Unified-Development-Code,Municode,1,1,1,"Depends heavily on type of building; see table but for each district the density differs based on one family, two family, etc",https://www.cityofpowdersprings.org/664/Unified-Development-Code,https://www.cityofpowdersprings.org/DocumentCenter/View/6085/Article-2-Zoning-Districts,https://www.cityofpowdersprings.org/DocumentCenter/View/6085/Article-2-Zoning-Districts,table,,,,
Jacob,,1518,1371604,Georgia,Gwinnett County,SNELLVILLE,https://library.municode.com/ga/snellville,Municode,1,1,1,,https://library.municode.com/ga/snellville/codes/code_of_ordinances?nodeId=PTIICO_APXAUNDEOR,https://library.municode.com/ga/snellville/codes/code_of_ordinances?nodeId=PTIICO_APXAUNDEOR_CH100GEPR_ART1INPR_S101-2ZODIES,N/A,,,,The density section of this ordinance discusses density in terms of type of structure rather than zoning district,
Jacob,,1797,1676870,Idaho,Ada County,STAR,https://library.municode.com/id/star,Municode,1,1,1,depends on detached versus attached housing,https://star.municipalcodeonline.com/book?type=ordinances#name=TITLE_8_UNIFIED_DEVELOPMENT_CODE,https://star.municipalcodeonline.com/book?type=ordinances#name=CHAPTER_3_ZONING_DISTRICT_STANDARDS,https://star.municipalcodeonline.com/book?type=ordinances#name=8-3A-4:_Zoning_District_Dimensional_Standards,table,,,,
Jacob,,1804,1652660,Idaho,Canyon County,MIDDLETON,https://codelibrary.amlegal.com/codes/middletonid/latest/overview,Americal Legal Publishing,0,1,1,,https://codelibrary.amlegal.com/codes/middletonid/latest/middleton_id/0-0-0-1698,https://codelibrary.amlegal.com/codes/middletonid/latest/middleton_id/0-0-0-1716#JD_5-1-4,https://codelibrary.amlegal.com/codes/middletonid/latest/middleton_id/0-0-0-1782,table,,,,
David,,2100,1767769,Illinois,Cook County,SAUK VILLAGE,https://library.municode.com/il/sauk_village,Municode,0,1,1,Two densities for some residential districts,https://library.municode.com/il/sauk_village/codes/code_of_ordinances?nodeId=MUCO_CH82ZOPLDE,https://library.municode.com/il/sauk_village/codes/code_of_ordinances?nodeId=MUCO_CH82ZOPLDE_ARTVIIZODI,https://library.municode.com/il/sauk_village/codes/code_of_ordinances?nodeId=MUCO_CH82ZOPLDE_ARTVIIZODI_DIV2REDI_S82-222BUYARE,,,,,
David,,2062,1780242,Illinois,Cook County,WESTERN SPRINGS,https://codelibrary.amlegal.com/codes/westernspringsil/latest/overview,Americal Legal Publishing,1,1,1,Corner and interior lot densities for some residential districts,https://codelibrary.amlegal.com/codes/westernspringsil/latest/westernsprings_il/0-0-0-7644,https://codelibrary.amlegal.com/codes/westernspringsil/latest/westernsprings_il/0-0-0-8827,https://codelibrary.amlegal.com/codes/westernspringsil/latest/westernsprings_il/0-0-0-8882,,,,,
David,,1929,1704013,Illinois,DuPage County,BARTLETT,https://codelibrary.amlegal.com/codes/bartlettil/latest/overview,Americal Legal Publishing,0,1,1,,https://codelibrary.amlegal.com/codes/bartlettil/latest/bartlett_il/0-0-0-15976,https://codelibrary.amlegal.com/codes/bartlettil/latest/bartlett_il/0-0-0-9499#JD_10-4-1,https://codelibrary.amlegal.com/codes/bartlettil/latest/bartlett_il/0-0-0-9627,,,,,
David,,2031,1735307,Illinois,DuPage County,HINSDALE,https://codelibrary.amlegal.com/codes/hinsdaleil/latest/overview,Americal Legal Publishing,0,1,1,Embedded table,https://codelibrary.amlegal.com/codes/hinsdaleil/latest/hinsdale_il_zoning/0-0-0-2,https://codelibrary.amlegal.com/codes/hinsdaleil/latest/hinsdale_il_zoning/0-0-0-39,https://codelibrary.amlegal.com/codes/hinsdaleil/latest/hinsdale_il_zoning/0-0-0-130#JD_3-110,,,,,
David,,2090,1749607,Illinois,Grundy County,MINOOKA,https://codelibrary.amlegal.com/codes/minookail/latest/overview,Americal Legal Publishing,1,1,1,,https://codelibrary.amlegal.com/codes/minookail/latest/minooka_il/0-0-0-4758,https://codelibrary.amlegal.com/codes/minookail/latest/minooka_il/0-0-0-5147,https://codelibrary.amlegal.com/codes/minookail/latest/minooka_il/0-0-0-5236,,,https://codelibrary.amlegal.com/codes/minookail/latest/minooka_il/0-0-0-5165,Second density reference is for agricultural areas,
David,,1998,1728872,Illinois,Kane County,GENEVA,https://library.municode.com/il/geneva,Municode,0,1,1,,https://library.municode.com/il/geneva/codes/code_of_ordinances?nodeId=TIT11ZO,https://library.municode.com/il/geneva/codes/code_of_ordinances?nodeId=TIT11ZO_CH4ZODI,https://library.municode.com/il/geneva/codes/code_of_ordinances?nodeId=TIT11ZO_CH5REDI_ARTARRRUSIMIREDI,,,,,
David,,1944,1756887,Illinois,Kendall County,OSWEGO,https://library.municode.com/il/oswego,Municode,1,1,0,Not Available - hard copies available in city office - adopted in 1957!,,,,,,,,
David,,2050,1743770,Illinois,Lake County,LINDENHURST,https://codelibrary.amlegal.com/codes/lindenhurstil/latest/overview,Americal Legal Publishing,1,1,1,,https://codelibrary.amlegal.com/codes/lindenhurstil/latest/lindenhurst_il/0-0-0-7218#JD_Chapter159,https://codelibrary.amlegal.com/codes/lindenhurstil/latest/lindenhurst_il/0-0-0-7859#JD_159-3.100,https://codelibrary.amlegal.com/codes/lindenhurstil/latest/lindenhurst_il/0-0-0-8045,,,,,
David,,2027,1711592,Illinois,McHenry County,CARY,https://library.municode.com/il/cary,Municode,1,1,1,"Called a ""'Unified Development Ordinance""",https://library.municode.com/il/cary/codes/code_of_ordinances?nodeId=CO_TIT14UNDEOR,https://library.municode.com/il/cary/codes/code_of_ordinances?nodeId=CO_TIT14UNDEOR_CH2ZODI,https://library.municode.com/il/cary/codes/code_of_ordinances?nodeId=CO_TIT14UNDEOR_CH2ZODI_S14.2.5DIST,,,,,
David,,2133,1746357,Illinois,Will County,MANHATTAN,https://codelibrary.amlegal.com/codes/manhattanil/latest/overview,Americal Legal Publishing,1,1,1,,https://codelibrary.amlegal.com/codes/manhattanil/latest/manhattan_il/0-0-0-2482,https://codelibrary.amlegal.com/codes/manhattanil/latest/manhattan_il/0-0-0-2889,https://codelibrary.amlegal.com/codes/manhattanil/latest/manhattan_il/0-0-0-3065,,,https://codelibrary.amlegal.com/codes/manhattanil/latest/manhattan_il/0-0-0-2969#JD_4-4.1A-3,Agricultural is second density,No table for residential densities. Includes minimum lot sizes for each district type in their own section. 
David,,2040,1716691,Illinois,Cook County,COUNTRY CLUB HILLS,https://library.municode.com/il/country_club_hills,Municode,0,2,0,"NO GOOD - uses square meters, and maximum number of dwelling units per acre",https://library.municode.com/il/country_club_hills/codes/code_of_ordinances?nodeId=COORCOCLHIIL_CH15ZO,https://library.municode.com/il/country_club_hills/codes/code_of_ordinances?nodeId=COORCOCLHIIL_CH15ZO_ART5ZODI,https://library.municode.com/il/country_club_hills/codes/code_of_ordinances?nodeId=COORCOCLHIIL_CH15ZO_ART5ZODI,tables,,,,
David,,2076,1782530,Illinois,Cook County,WINNETKA,https://codelibrary.amlegal.com/codes/winnetka/latest/overview,Americal Legal Publishing,0,2,1,USE THE FIRST LINK - Zoning chapter,https://codelibrary.amlegal.com/codes/winnetka/latest/winnetka_il/0-0-0-25873,https://codelibrary.amlegal.com/codes/winnetka/latest/winnetka_il/0-0-0-26184#JD_Chapter17.08,https://codelibrary.amlegal.com/codes/winnetka/latest/winnetka_il/0-0-0-26395#JD_Chapter17.30,tables,,https://codelibrary.amlegal.com/codes/winnetka/latest/winnetka_il/0-0-0-26641,Other district are multifamily housing - text,
David,,2094,1709980,Illinois,DuPage County,BURR RIDGE,https://library.municode.com/il/burr_ridge,Municode,0,2,1,,https://burrridge.municipalcodeonline.com/book?type=zoning#,https://burrridge.municipalcodeonline.com/book?type=zoning#name=V_ZONING_DISTRICTS,https://burrridge.municipalcodeonline.com/book?type=zoning#name=VI_RESIDENCE_DISTRICTS,multiple tables,,,,
David,,2110,1782400,Illinois,DuPage County,WINFIELD,https://codelibrary.amlegal.com/codes/winfieldil/latest/overview,Americal Legal Publishing,0,2,1,,https://codelibrary.amlegal.com/codes/winfieldil/latest/winfield_il/0-0-0-6183,https://codelibrary.amlegal.com/codes/winfieldil/latest/winfield_il/0-0-0-7209,https://codelibrary.amlegal.com/codes/winfieldil/latest/winfield_il/0-0-0-7227,text,,,,
David,,2136,1738414,Illinois,Jersey County,JERSEYVILLE,https://codelibrary.amlegal.com/codes/jerseyvilleil/latest/overview,Americal Legal Publishing,0,2,1,,https://codelibrary.amlegal.com/codes/jerseyvilleil/latest/jerseyville_il/0-0-0-3535,https://codelibrary.amlegal.com/codes/jerseyvilleil/latest/jerseyville_il/0-0-0-3842#JD_11-4-1,https://codelibrary.amlegal.com/codes/jerseyvilleil/latest/jerseyville_il/0-0-0-3900,text,,,The zoning chapter link doesn't give access to subsequent sections very easily,
David,,2008,1741742,Illinois,Lake County,LAKE ZURICH,https://codelibrary.amlegal.com/codes/lakezurichil/latest/overview,Americal Legal Publishing,0,2,1,,https://codelibrary.amlegal.com/codes/lakezurichil/latest/lakezurich_il/0-0-0-14032,https://codelibrary.amlegal.com/codes/lakezurichil/latest/lakezurich_il/0-0-0-14105,https://codelibrary.amlegal.com/codes/lakezurichil/latest/lakezurich_il/0-0-0-14246#JD_9-3-11,embedded table,,,,
David,,1964,1766040,Illinois,Lake County,ROUND LAKE BEACH,https://library.municode.com/il/round_lake_beach,Municode,0,2,1,,https://library.municode.com/il/round_lake_beach/codes/code_of_ordinances?nodeId=SUHITA_APXAZORE,https://library.municode.com/il/round_lake_beach/codes/code_of_ordinances?nodeId=SUHITA_APXAZORE_ARTVREDI,https://library.municode.com/il/round_lake_beach/codes/code_of_ordinances?nodeId=SUHITA_APXAZORE_ARTVREDI,table,,,,
David,,2158,1782686,Illinois,Lake County,WINTHROP HARBOR,https://codelibrary.amlegal.com/codes/winthropharbor/latest/overview,Americal Legal Publishing,0,2,1,,https://codelibrary.amlegal.com/codes/winthropharbor/latest/winthropharbor_il/0-0-0-39885#JD_Chapter154,https://codelibrary.amlegal.com/codes/winthropharbor/latest/winthropharbor_il/0-0-0-40225,https://codelibrary.amlegal.com/codes/winthropharbor/latest/winthropharbor_il/0-0-0-40280,text,,,,
David,,2066,1712684,Illinois,Sangamon County,CHATHAM,https://codelibrary.amlegal.com/codes/chatham/latest/overview,Americal Legal Publishing,0,2,1,,https://codelibrary.amlegal.com/codes/chatham/latest/chatham_il/0-0-0-6534#JD_Chapter158,https://codelibrary.amlegal.com/codes/chatham/latest/chatham_il/0-0-0-6880,https://codelibrary.amlegal.com/codes/chatham/latest/chatham_il/0-0-0-7240,table,,,,
David,,1976,1744225,Illinois,Will County,LOCKPORT,https://codelibrary.amlegal.com/codes/lockport/latest/overview,Americal Legal Publishing,0,2,1,,https://codelibrary.amlegal.com/codes/lockport/latest/lockport_il/0-0-0-77949,https://codelibrary.amlegal.com/codes/lockport/latest/lockport_il/0-0-0-83483,https://codelibrary.amlegal.com/codes/lockport/latest/lockport_il/0-0-0-83570,table,,,,
David,,2003,1749854,Illinois,Will County,MOKENA,https://codelibrary.amlegal.com/codes/mokenail/latest/overview,Americal Legal Publishing,0,2,1,,https://codelibrary.amlegal.com/codes/mokenail/latest/mokena_il/0-0-0-5939,https://codelibrary.amlegal.com/codes/mokenail/latest/mokena_il/0-0-0-6536,https://codelibrary.amlegal.com/codes/mokenail/latest/mokena_il/0-0-0-6637,table,,,,
Joey,,2117,1729652,Illinois,Cook County,GLENCOE,https://codelibrary.amlegal.com/codes/glencoe/latest/overview,Americal Legal Publishing,1,2,1,,NA,https://codelibrary.amlegal.com/codes/glencoe/latest/glencoe_il/0-0-0-22113,https://codelibrary.amlegal.com/codes/glencoe/latest/glencoe_il/0-0-0-22201,table,,,,
Joey,,2147,1737608,Illinois,Cook County,INVERNESS,https://codelibrary.amlegal.com/codes/invernessil/latest/overview,Americal Legal Publishing,1,2,0,Lot area requirements convoluted,,https://codelibrary.amlegal.com/codes/invernessil/latest/inverness_il/0-0-0-3722,https://codelibrary.amlegal.com/codes/invernessil/latest/inverness_il/0-0-0-3811,text,,,,
Joey,,2073,1747007,Illinois,Cook County,MARKHAM,https://codelibrary.amlegal.com/codes/markham/latest/overview,Americal Legal Publishing,1,2,,,,,,,,,,
Joey,,2000,1770850,Illinois,Cook County,SOUTH HOLLAND,https://library.municode.com/il/south_holland,Municode,1,2,,,,,,,,,,
Joey,,1933,1773157,Illinois,Cook County,STREAMWOOD,https://codelibrary.amlegal.com/codes/streamwoodil/latest/overview,Americal Legal Publishing,1,2,,,,,,,,,,
Joey,,2041,1780047,Illinois,Cook County,WESTCHESTER,https://library.municode.com/il/westchester,Municode,1,2,,,,,,,,,,
Joey,,2137,1729171,Illinois,Kane County,GILBERTS,https://library.municode.com/il/gilberts,Municode,1,2,,,,,,,,,,
Joey,,2012,1750218,Illinois,Kane County,MONTGOMERY,https://library.municode.com/il/montgomery,Municode,1,2,,,,,,,,,,
Joey,,2084,1760352,Illinois,Kendall County,PLANO,https://codelibrary.amlegal.com/codes/planoil/latest/overview,Americal Legal Publishing,1,2,,,,,,,,,,
Joey,,Joey,Joey,Illinois,Lake County,HAWTHORN WOODS,https://codelibrary.amlegal.com/codes/hawthornwoodsil/latest/overview,Americal Legal Publishing,1,2,,,,,,,,,,
Joey,,2018,1727624,Illinois,Will County,FRANKFORT,https://codelibrary.amlegal.com/codes/frankfort/latest/overview,Americal Legal Publishing,1,2,,,,,,,,,,
Joey,,1970,1752584,Illinois,Will County,NEW LENOX,https://library.municode.com/il/new_lenox,Municode,1,2,,,,,,,,,,
David,,1926,1760287,Illinois,Will County,PLAINFIELD,https://library.municode.com/il/plainfield,Municode,1,2,1,,https://library.municode.com/il/plainfield/codes/code_of_ordinances?nodeId=COOR_CH9ZOOR,https://library.municode.com/il/plainfield/codes/code_of_ordinances?nodeId=COOR_CH9ZOOR_ARTIIGEPR_S9-10ZODI,https://library.municode.com/il/plainfield/codes/code_of_ordinances?nodeId=COOR_CH9ZOOR_ARTVREDI,table,,,,
David,,1936,1765442,Illinois,Will County,ROMEOVILLE,https://codelibrary.amlegal.com/codes/romeoville/latest/overview,Americal Legal Publishing,1,2,1,,https://codelibrary.amlegal.com/codes/romeoville/latest/romeoville_il/0-0-0-17278#JD_Chapter159,https://codelibrary.amlegal.com/codes/romeoville/latest/romeoville_il/0-0-0-17963,https://codelibrary.amlegal.com/codes/romeoville/latest/romeoville_il/0-0-0-19029,table,,,,
David,,2033,1769758,Illinois,Will County,SHOREWOOD,https://codelibrary.amlegal.com/codes/shorewoodil/latest/overview,Americal Legal Publishing,1,2,1,,No page with links,https://codelibrary.amlegal.com/codes/shorewoodil/latest/shorewood_il/0-0-0-9993,https://codelibrary.amlegal.com/codes/shorewoodil/latest/shorewood_il/0-0-0-10013,text,,,,
David,,2475,1835266,Indiana,Allen County,HUNTERTOWN,https://codelibrary.amlegal.com/codes/huntertown/latest/overview,Americal Legal Publishing,1,1,0,PDF,https://codelibrary.amlegal.com/codes/huntertown/latest/huntertown_in/0-0-0-1984, ,,,,,,
David,,2447,1811062,Indiana,Lake County,CEDAR LAKE,https://codelibrary.amlegal.com/codes/cedarlakein/latest/overview,Americal Legal Publishing,1,1,0,NOT AVAILABLE - hardcopy only in clerk's office,https://codelibrary.amlegal.com/codes/cedarlakein/latest/cedarlake_in/0-0-0-8607#JD_Chapter154, ,,,,,,
David,,2434,1819270,Indiana,Lake County,DYER,https://codelibrary.amlegal.com/codes/dyer/latest/overview,Americal Legal Publishing,1,1,1,,https://codelibrary.amlegal.com/codes/dyer/latest/dyer_in/0-0-0-7877,https://codelibrary.amlegal.com/codes/dyer/latest/dyer_in/0-0-0-8285,https://codelibrary.amlegal.com/codes/dyer/latest/dyer_in/0-0-0-8285,table,,,,
David,,2450,1841535,Indiana,Lake County,LAKE STATION,https://library.municode.com/in/lake_station,Municode,0,1,0,NOT AVAILABLE - hardcopy only in the clerk's office,,,,,,,,
David,,2413,1851912,Indiana,Lake County,MUNSTER,https://library.municode.com/in/munster,Municode,0,1,0,PDF,https://www.munster.org/egov/documents/1637094521_47325.pdf, ,,,,,,
David,,2424,1866852,Indiana,Lake County,ST. JOHN,https://stjohn.town.codes/,Codebook,1,1,1,,https://stjohn.town.codes/Code/24,https://stjohn.town.codes/Code/24-41,https://stjohn.town.codes/Code/24_ArtIV,text,,,,
David,,2699,1903160,Iowa,Dubuque County,ASBURY,https://www.cityofasbury.com/departments/administration/city_code_of_ordinances,Drake University Law Library,0,1,0,Partial PDF - Full document available at city hall,,,,,,,,
David,,3109,2009157575,Kansas,Johnson County,PRAIRIE VILLAGE,https://library.municode.com/ks/prairie_village,Municode,0,1,1,,https://library.municode.com/ks/prairie_village/codes/code_of_ordinances?nodeId=CHXIXZORE,https://library.municode.com/ks/prairie_village/codes/code_of_ordinances?nodeId=CHXIXZORE_CH19.04DIDIMA,https://library.municode.com/ks/prairie_village/codes/code_of_ordinances?nodeId=CHXIXZORE_CH19.06DISIFAREDI,Tables (multiple),,,Residential districts are on separate pages--the link provided is only for the FIRST residential district,
David,,3131,2009160825,Kansas,Johnson County,ROELAND PARK,https://library.municode.com/ks/roeland_park,Municode,0,1,1,,https://library.municode.com/ks/roeland_park/codes/code_of_ordinances?nodeId=CHXVIZOSURE,https://library.municode.com/ks/roeland_park/codes/code_of_ordinances?nodeId=CHXVIZOSURE_ART4ZODI,https://library.municode.com/ks/roeland_park/codes/code_of_ordinances?nodeId=CHXVIZOSURE_ART4ZODI_DIVIIZODIDE_S16-407SIMIREDIDI,Text,,,,
David,,3126,2013312500,Kansas,Neosho County,CHANUTE,https://library.municode.com/ks/chanute,Municode,0,1,0,Scanned PDF,https://www.chanute.org/DocumentCenter/View/3006/Procedures-Manual?bidId=,,,,,,,
David,,3233,2178384,Kentucky,Boone County,"BOONE COUNTY (INCLUDES UNION, FLORENCE, and WALTON CITIES)",http://online.encodeplus.com/regs/boonecounty-ky/doc-viewer.aspx#secid--1,Encode Plus,1,1,1,,http://online.encodeplus.com/regs/boonecounty-ky/doc-viewer.aspx#secid--1,http://online.encodeplus.com/regs/boonecounty-ky/doc-viewer.aspx?secid=49#secid-70,http://online.encodeplus.com/regs/boonecounty-ky/doc-viewer.aspx?secid=49#secid-112,text,,,Dwelling units per acre used,
David,,3220,2136982,Kentucky,Bullitt County,HILLVIEW,https://codelibrary.amlegal.com/codes/hillview/latest/overview,Americal Legal Publishing,1,1,0,NA,,,,,,,,
David,,3206,2154228,Kentucky,Bullitt County,MOUNT WASHINGTON,https://codelibrary.amlegal.com/codes/mtwashington/latest/overview,Americal Legal Publishing,0,1,0,NA - At clerk's office,https://codelibrary.amlegal.com/codes/mtwashington/latest/mtwashington_ky/0-0-0-6087#JD_Chapter153,,,,,,,
David,,3218,2100802,Kentucky,Campbell County,ALEXANDRIA,https://codelibrary.amlegal.com/codes/alexandria/latest/overview,Americal Legal Publishing,0,1,0,NA - At clerk's office,https://codelibrary.amlegal.com/codes/alexandria/latest/alexandria_ky/0-0-0-3408,,,,,,,
David,,3221,2123932,Kentucky,Kenton County,EDGEWOOD,https://codelibrary.amlegal.com/codes/edgewood/latest/overview,Americal Legal Publishing,1,1,0,NA - At clerk's office,https://codelibrary.amlegal.com/codes/edgewood/latest/edgewood_ky/0-0-0-3272,,,,,,,
David,,3227,2179698,Kentucky,Kenton County,VILLA HILLS,https://codelibrary.amlegal.com/codes/villahills/latest/overview,Americal Legal Publishing,0,1,0,NA - At clerk's office,https://codelibrary.amlegal.com/codes/villahills/latest/villahills_ky/0-0-0-4994,,,,,,,
David,,294,2209595044,Louisiana,St. John the Baptist Parish,ST. JOHN THE BAPTIST PARISH,https://library.municode.com/la/st._john_the_baptist_parish,Municode,0,1,1,Multiple densities per residential district,https://library.municode.com/la/st._john_the_baptist_parish/codes/code_of_ordinances?nodeId=SPBLADERE_CH113ZO,https://library.municode.com/la/st._john_the_baptist_parish/codes/code_of_ordinances?nodeId=SPBLADERE_CH113ZO_ARTIIIZODIESZOMA,https://library.municode.com/la/st._john_the_baptist_parish/codes/code_of_ordinances?nodeId=SPBLADERE_CH113ZO_ARTIVDIRE,text,,,,
David,,292,2210395335,Louisiana,St. Tammany Parish,ST. TAMMANY PARISH,https://library.municode.com/la/st._tammany_parish,Municode,0,1,1,,https://library.municode.com/la/st._tammany_parish/codes/code_of_ordinances?nodeId=PTIILADECO_CH130UNDECO_ARTIVZODI,,https://library.municode.com/la/st._tammany_parish/codes/code_of_ordinances?nodeId=PTIILADECO_CH130UNDECO_ARTIVZODI,text,,,"No list of districts, but for those in the table of contents",
David,,3614,2608123980,Michigan,Kent County,EAST GRAND RAPIDS,https://codelibrary.amlegal.com/codes/eastgrandrapidsmi/latest/overview,Americal Legal Publishing,1,1,1,,https://codelibrary.amlegal.com/codes/eastgrandrapidsmi/latest/eastgrandrapids_mi/0-0-0-2740#JD_Chapter50,https://codelibrary.amlegal.com/codes/eastgrandrapidsmi/latest/eastgrandrapids_mi/0-0-0-3146,https://codelibrary.amlegal.com/codes/eastgrandrapidsmi/latest/eastgrandrapids_mi/0-0-0-3182,table,,,,
David,,3543,2608134000,Michigan,Kent County,GRAND RAPIDS,https://library.municode.com/mi/grand_rapids,Municode,0,1,1,Multiple densities depending on housing type,https://library.municode.com/mi/grand_rapids/codes/code_of_ordinances?nodeId=TITV--ZONING_PLANNING_CH61ZOOR,https://library.municode.com/mi/grand_rapids/codes/code_of_ordinances?nodeId=TITV--ZONING_PLANNING_CH61ZOOR_ART4MAZODI_S5.4.03ZODI,https://library.municode.com/mi/grand_rapids/codes/code_of_ordinances?nodeId=TITV--ZONING_PLANNING_CH61ZOOR_ART5REZODI,table,,,"One of the more interesting ordinacnes I've come across, which creates zones by TIME PERIOD of when the area was built. ",
David,,3571,2609924290,Michigan,Macomb County,EASTPOINTE,https://library.municode.com/mi/eastpointe,Municode,1,1,1,,https://library.municode.com/mi/eastpointe/codes/code_of_ordinances?nodeId=PTIICOOR_CH50ZO,https://library.municode.com/mi/eastpointe/codes/code_of_ordinances?nodeId=PTIICOOR_CH50ZO_ARTVIIZODI,https://library.municode.com/mi/eastpointe/codes/code_of_ordinances?nodeId=PTIICOOR_CH50ZO_ARTVIIIOMIREDI,table,,https://library.municode.com/mi/eastpointe/codes/code_of_ordinances?nodeId=PTIICOOR_CH50ZO_ARTIXMUMIREDI,Other districts are multifamily densities. First link is single and double family densities,
David,,3601,2612507660,Michigan,Oakland County,BERKLEY,https://library.municode.com/mi/berkley,Municode,1,1,1,,https://library.municode.com/mi/berkley/codes/code_of_ordinances?nodeId=PTIICOOR_CH138ZO,https://library.municode.com/mi/berkley/codes/code_of_ordinances?nodeId=PTIICOOR_CH138ZO_ARTVDIRE_DIV1ESZODIMA_S138-276DIEN,https://library.municode.com/mi/berkley/codes/code_of_ordinances?nodeId=PTIICOOR_CH138ZO_ARTVDIRE_DIV17SCRE_S138-526SCRE,table,,,,
David,,3598,2612537420,Michigan,Oakland County,HAZEL PARK,https://library.municode.com/mi/hazel_park,Municode,0,1,0,NOT AVAILABLE,https://library.municode.com/mi/hazel_park/codes/code_of_ordinances?nodeId=TIT17ZO,,,,,,,
David,,3656,2612540000,Michigan,Oakland County,HUNTINGTON WOODS,https://library.municode.com/mi/huntington_woods,Municode,1,1,1,,https://library.municode.com/mi/huntington_woods/codes/code_of_ordinances?nodeId=COOR_CH40ZO,https://library.municode.com/mi/huntington_woods/codes/code_of_ordinances?nodeId=COOR_CH40ZO_ART4DIRE,https://library.municode.com/mi/huntington_woods/codes/code_of_ordinances?nodeId=COOR_CH40ZO_ART4DIRE,table,,,,
David,,3555,2612574900,Michigan,Oakland County,SOUTHFIELD,https://library.municode.com/mi/southfield,Municode,0,1,1,,https://library.municode.com/mi/southfield/codes/code_of_ordinances?nodeId=PTIICO_TITVZOPL_CH45ZO,https://library.municode.com/mi/southfield/codes/code_of_ordinances?nodeId=PTIICO_TITVZOPL_CH45ZO_ART3ZODIMA,https://library.municode.com/mi/southfield/codes/code_of_ordinances?nodeId=PTIICO_TITVZOPL_CH45ZO_ART22SCRE,table,,,,
David,,3579,2616301380,Michigan,Wayne County,ALLEN PARK,https://library.municode.com/mi/allen_park,Municode,1,1,1,,https://library.municode.com/mi/allen_park/codes/code_of_ordinances?nodeId=PTIICOOR_CH52ZO,https://library.municode.com/mi/allen_park/codes/code_of_ordinances?nodeId=PTIICOOR_CH52ZO_ARTIIIDIRE_DIV1GE_S52-127DI,https://library.municode.com/mi/allen_park/codes/code_of_ordinances?nodeId=PTIICOOR_CH52ZO_ARTIIIDIRE_DIV19SCRE,table,,,,
David,,3580,2616331420,Michigan,Wayne County,GARDEN CITY,https://codelibrary.amlegal.com/codes/gardencity/latest/overview,Americal Legal Publishing,1,1,1,,https://codelibrary.amlegal.com/codes/gardencity/latest/gardencity_mi/0-0-0-24063,https://codelibrary.amlegal.com/codes/gardencity/latest/gardencity_mi/0-0-0-26160,https://codelibrary.amlegal.com/codes/gardencity/latest/gardencity_mi/0-0-0-27888,table,,,,
David,,3600,2616335580,Michigan,Wayne County,GROSSE POINTE WOODS,https://library.municode.com/mi/grosse_pointe_woods,Municode,1,1,0,Not great. Uses minimum lot size PER UNIT,https://library.municode.com/mi/grosse_pointe_woods/codes/code_of_ordinances?nodeId=PTIICOOR_CH50ZO,https://library.municode.com/mi/grosse_pointe_woods/codes/code_of_ordinances?nodeId=PTIICOOR_CH50ZO_ARTIIIDIRE_DIV1GE_S50-180DIEN,https://library.municode.com/mi/grosse_pointe_woods/codes/code_of_ordinances?nodeId=PTIICOOR_CH50ZO_ARTIIIDIRE,table,,,Uses minimum lot size PER UNIT,
David,,3640,2602170960,Michigan,Berrien County,ST. JOSEPH,https://library.municode.com/mi/st._joseph,Municode,0,2,0,NO GOOD - In city clerk's office,https://library.municode.com/mi/st._joseph/codes/code_of_ordinances?nodeId=PTIICOOR_CH33ZO,,,,,,,
Matt R.,,3791,2701910918,Minnesota,Carver County,CHANHASSEN,https://library.municode.com/mn/chanhassen,Municode,0,1,1,Multiple densities per residential district based on residential unit type,https://chanhassen.municipalcodeonline.com/book?type=ordinances#name=CHAPTER_20_ZONING,https://chanhassen.municipalcodeonline.com/book?type=ordinances#name=ARTICLE_20-III_ZONING_DISTRICTS_GENERALLY_AND_ZONING_DISTRICT_MAP,https://chanhassen.municipalcodeonline.com/book?type=ordinances#name=ARTICLE_20-XI_%22RR%22_RURAL_RESIDENTIAL_DISTRICT,text,,https://chanhassen.municipalcodeonline.com/book?type=ordinances#name=ARTICLE_20-X_%22A-2%22_AGRICULTURAL_ESTATE_DISTRICT,,
Matt R.,,3797,2703720618,Minnesota,Dakota County,FARMINGTON,https://codelibrary.amlegal.com/codes/farmingtonmn/latest/overview,Americal Legal Publishing,1,1,1,Multiple densities per residential district based on residential unit type,https://codelibrary.amlegal.com/codes/farmingtonmn/latest/farmington_mn/0-0-0-1,https://codelibrary.amlegal.com/codes/farmingtonmn/latest/farmington_mn/0-0-0-5596#JD_10-5-2,https://codelibrary.amlegal.com/codes/farmingtonmn/latest/farmington_mn/0-0-0-5650,table,,https://codelibrary.amlegal.com/codes/farmingtonmn/latest/farmington_mn/0-0-0-5604,,
Matt R.,,3793,2705310846,Minnesota,Hennepin County,CHAMPLIN,https://library.municode.com/mn/champlin,Municode,1,1,1,Multiple densities per residential district based on residential unit type,https://library.municode.com/mn/champlin/codes/code_of_ordinances?nodeId=PTIILADERE_CH126ZO,https://library.municode.com/mn/champlin/codes/code_of_ordinances?nodeId=PTIILADERE_CH126ZO_ARTIIIZODIESZOMAZODIRE,https://library.municode.com/mn/champlin/codes/code_of_ordinances?nodeId=PTIILADERE_CH126ZO_ARTIIIZODIESZOMAZODIRE_DIV2REDIDE,table,,,,
Matt R.,,3848,2716358018,Minnesota,Washington County,ST. PAUL PARK,https://library.municode.com/mn/st._paul_park,Municode,0,1,1,Multiple densities per residential district based on residential unit type,https://library.municode.com/mn/st._paul_park/codes/code_of_ordinances?nodeId=COOR_CH74ZO,https://library.municode.com/mn/st._paul_park/codes/code_of_ordinances?nodeId=COOR_CH74ZO_ARTVIIIZODI,https://library.municode.com/mn/st._paul_park/codes/code_of_ordinances?nodeId=COOR_CH74ZO_ARTVIIIZODI_DIV2SIMIREDI,text,,,,
Matt R.,,3960,2854040,Mississippi,DeSoto County,OLIVE BRANCH,https://library.municode.com/ms/olive_branch,Municode,0,1,1,No,https://library.municode.com/ms/olive_branch/codes/code_of_ordinances?nodeId=COOR_APXAZOOR,https://library.municode.com/ms/olive_branch/codes/code_of_ordinances?nodeId=COOR_APXAZOOR_ARTIIIDIBO,https://library.municode.com/ms/olive_branch/codes/code_of_ordinances?nodeId=COOR_APXAZOOR_ARTXVIII-FOCHREOTPR,table,,,,
Matt R.,,162,2918316681,Missouri,St. Charles County,COTTLEVILLE,https://ecode360.com/CO3275,General Code,0,1,1,No,https://ecode360.com/29399457,https://ecode360.com/29399617,https://ecode360.com/29418938,text,Not a PDF,,,
Matt R.,,161,2918354080,Missouri,St. Charles County,O'FALLON,https://ecode360.com/OF3382,General Code,0,1,1,Multiple densities per residential district based on residential unit type,https://ecode360.com/27634402,https://ecode360.com/27634699,https://ecode360.com/27634700,text,Not a PDF,,,
Matt R.,,163,2918365130,Missouri,St. Charles County,ST. PETERS,https://ecode360.com/ST3438,General Code,0,1,1,Multiple densities in some residential districts based on residential unit type,https://ecode360.com/28264660,https://ecode360.com/28264924,https://ecode360.com/28264963,text,Not a PDF,https://ecode360.com/28264925,,
Matt R.,,4065,3115791093,Nebraska,Scotts Bluff County,GERING,https://www.gering.org/government/city-codes/zoning,Nebraska Access,0,1,1,No,https://www.gering.org/sites/default/files/files/85/08_10_20_gering_zoning_regulations_final_adopted_0.pdf,https://www.gering.org/sites/default/files/files/85/08_10_20_gering_zoning_regulations_final_adopted_0.pdf,https://www.gering.org/sites/default/files/files/85/08_10_20_gering_zoning_regulations_final_adopted_0.pdf,text,PDF,,The entire zoning code is in one PDF file,
Matt R.,,4184,3400152950,New Jersey,Atlantic County,NORTHFIELD,https://ecode360.com/NO0505,General Code,1,1,1,No,https://ecode360.com/8269014,https://ecode360.com/8269032,https://ecode360.com/8269061,text,Not a PDF,,,
Matt R.,,172,3401326610,New Jersey,Essex County,GLEN RIDGE,https://library.municode.com/nj/glen_ridge_borough,Municode,0,1,1,No,https://library.municode.com/nj/glen_ridge_borough/codes/code_of_ordinances?nodeId=TIT17ZO,https://library.municode.com/nj/glen_ridge_borough/codes/code_of_ordinances?nodeId=TIT17ZO_CH17.08ZOZOMA,https://library.municode.com/nj/glen_ridge_borough/codes/code_of_ordinances?nodeId=TIT17ZO_CH17.12ZORE_17.12.010SCZORE,text,Not a PDF,,,
Matt R.,,4321,3605558365,New York,Monroe County,PITTSFORD,https://ecode360.com/PI1657,General Code,0,1,1,Multiple densities in some residential districts based on residential unit type,https://ecode360.com/6435505,NA (no separate link),https://ecode360.com/15663019,table,Not a PDF,,,
David,,4765,3903504416,Ohio,Cuyahoga County,BAY VILLAGE,https://library.municode.com/oh/bay_village,Municode,1,1,1,,https://library.municode.com/oh/bay_village/codes/code_of_ordinances?nodeId=PTELEVENPLZOCO,https://library.municode.com/oh/bay_village/codes/code_of_ordinances?nodeId=PTELEVENPLZOCO_TITSEVENZODI_CH1131DIMABO_1131.01DIES,https://library.municode.com/oh/bay_village/codes/code_of_ordinances?nodeId=PTELEVENPLZOCO_TITNINEZOREDIRE_CH1155MILOARREREDI,text,,,"INteresting...zones are called ""first residential, second residential, and third residential"" and do not use an abbreviation. I've seen this a few times in Ohio munis",
David,,4750,3903509288,Ohio,Cuyahoga County,BROOK PARK,https://codelibrary.amlegal.com/codes/brookpark/latest/overview,Americal Legal Publishing,0,1,1,,https://codelibrary.amlegal.com/codes/brookpark/latest/brookpark_oh/0-0-0-40530#JD_Chapter1121,https://codelibrary.amlegal.com/codes/brookpark/latest/brookpark_oh/0-0-0-40686,https://codelibrary.amlegal.com/codes/brookpark/latest/brookpark_oh/0-0-0-40762,text,,,,
David,,4813,3903535252,Ohio,Cuyahoga County,HIGHLAND HEIGHTS,https://codelibrary.amlegal.com/codes/highlandhts/latest/overview,Americal Legal Publishing,1,1,1,,https://codelibrary.amlegal.com/codes/highlandhts/latest/highlandhts_oh/0-0-0-16744,https://codelibrary.amlegal.com/codes/highlandhts/latest/highlandhts_oh/0-0-0-17621#1121,https://codelibrary.amlegal.com/codes/highlandhts/latest/highlandhts_oh/0-0-0-17791,table,,,,
David,,4729,3903572928,Ohio,Cuyahoga County,SOLON,https://codelibrary.amlegal.com/codes/solon/latest/overview,Americal Legal Publishing,0,1,0,NA - Not there at all,https://codelibrary.amlegal.com/codes/solon/latest/solon_oh/0-0-0-14513,,,NA,,,,
David,,181,3906174121,Ohio,Hamilton County,SPRINGFIELD,https://codelibrary.amlegal.com/codes/springfield/latest/overview,Americal Legal Publishing,0,1,1,,https://codelibrary.amlegal.com/codes/springfield/latest/springfield_oh/0-0-0-11210,https://codelibrary.amlegal.com/codes/springfield/latest/springfield_oh/0-0-0-11623,https://codelibrary.amlegal.com/codes/springfield/latest/springfield_oh/0-0-0-14784,text,,,,
David,,4693,3908549056,Ohio,Lake County,MENTOR,https://codelibrary.amlegal.com/codes/mentor/latest/overview,Americal Legal Publishing,0,1,1,,https://codelibrary.amlegal.com/codes/mentor/latest/mentor_oh/0-0-0-16247,https://codelibrary.amlegal.com/codes/mentor/latest/mentor_oh/0-0-0-18059,https://codelibrary.amlegal.com/codes/mentor/latest/mentor_oh/0-0-0-18214,tables (embedded),,,,
David,,4777,3908585036,Ohio,Lake County,WICKLIFFE,https://codelibrary.amlegal.com/codes/wickliffe/latest/overview,Americal Legal Publishing,1,1,1,,https://codelibrary.amlegal.com/codes/wickliffe/latest/wickliffe_oh/0-0-0-15265,https://codelibrary.amlegal.com/codes/wickliffe/latest/wickliffe_oh/0-0-0-23303,https://codelibrary.amlegal.com/codes/wickliffe/latest/wickliffe_oh/0-0-0-23866,table (embedded and confusing),,,,
David,,4782,3909301798,Ohio,Lorain County,AMHERST,https://codelibrary.amlegal.com/codes/amherst/latest/overview,Americal Legal Publishing,1,1,0,No minimum lot size,https://codelibrary.amlegal.com/codes/amherst/latest/amherst_oh/0-0-0-13431#JD_PartEleven-PlanningandZoningCode-TitleFive,https://codelibrary.amlegal.com/codes/amherst/latest/amherst_oh/0-0-0-13669,https://codelibrary.amlegal.com/codes/amherst/latest/amherst_oh/0-0-0-13431,,,,,
David,,4708,3909356966,Ohio,Lorain County,NORTH RIDGEVILLE,https://codelibrary.amlegal.com/codes/northridgeville/latest/overview,Americal Legal Publishing,1,1,1,,https://codelibrary.amlegal.com/codes/northridgeville/latest/nridgeville_oh/0-0-0-60480#JD_parttwelvetitlesix,https://codelibrary.amlegal.com/codes/northridgeville/latest/nridgeville_oh/0-0-0-60932,https://codelibrary.amlegal.com/codes/northridgeville/latest/nridgeville_oh/0-0-0-60480,text,,,,
David,,4698,3901725970,Ohio,Butler County,FAIRFIELD,https://codelibrary.amlegal.com/codes/fairfield/latest/overview,Americal Legal Publishing,0,2,1,,https://codelibrary.amlegal.com/codes/fairfield/latest/fairfield_oh/0-0-0-10217,https://codelibrary.amlegal.com/codes/fairfield/latest/fairfield_oh/0-0-0-11495,https://codelibrary.amlegal.com/codes/fairfield/latest/fairfield_oh/0-0-0-11453,table,,,,
David,,4735,3903573264,Ohio,Cuyahoga County,SOUTH EUCLID,https://codelibrary.amlegal.com/codes/southeuclid/latest/overview,Americal Legal Publishing,0,2,1,Multiple densities whether one or two family lots under same district,https://codelibrary.amlegal.com/codes/southeuclid/latest/seuclid_oh/0-0-0-10031,https://codelibrary.amlegal.com/codes/southeuclid/latest/seuclid_oh/0-0-0-10364,https://codelibrary.amlegal.com/codes/southeuclid/latest/seuclid_oh/0-0-0-10895,table,,,,
David,,4820,3905705102,Ohio,Greene County,BELLBROOK,https://library.municode.com/oh/bellbrook,Municode,0,2,0,NA - At city clerk office,https://library.municode.com/oh/bellbrook/codes/code_of_ordinances?nodeId=PTTWELVEPLZOCO_TITFOURZO_CH1240ZOCO,,,,,,,
David,,4799,3906151716,Ohio,Hamilton County,MONTGOMERY,https://codelibrary.amlegal.com/codes/montgomery/latest/overview,Americal Legal Publishing,0,2,1,multiple densities depending on number of units,https://codelibrary.amlegal.com/codes/montgomery/latest/montgom_oh/0-0-0-36846,https://codelibrary.amlegal.com/codes/montgomery/latest/montgom_oh/0-0-0-37923#JD_Chapter151.01,https://codelibrary.amlegal.com/codes/montgomery/latest/montgom_oh/0-0-0-37957,table,,,,
David,,4812,3906186730,Ohio,Hamilton County,WYOMING,https://codelibrary.amlegal.com/codes/wyoming/latest/overview,Americal Legal Publishing,0,2,1,,https://codelibrary.amlegal.com/codes/wyoming/latest/wyoming_oh/0-0-0-18466,https://codelibrary.amlegal.com/codes/wyoming/latest/wyoming_oh/0-0-0-20416#JD_1145,https://codelibrary.amlegal.com/codes/wyoming/latest/wyoming_oh/0-0-0-20399#JD_parteleventitleseven,text,,,,
David,,4730,3909303352,Ohio,Lorain County,AVON,https://codelibrary.amlegal.com/codes/avonoh/latest/overview,Americal Legal Publishing,0,2,1,RDS is linked to a page of links,https://codelibrary.amlegal.com/codes/avonoh/latest/avon_oh/0-0-0-46294,https://codelibrary.amlegal.com/codes/avonoh/latest/avon_oh/0-0-0-46315,https://codelibrary.amlegal.com/codes/avonoh/latest/avon_oh/0-0-0-46294,table,,,,
David,,4802,3909975126,Ohio,Mahoning County,STRUTHERS,https://codelibrary.amlegal.com/codes/struthers/latest/overview,Americal Legal Publishing,0,2,1,,https://codelibrary.amlegal.com/codes/struthers/latest/struthers_oh/0-0-0-12770,https://codelibrary.amlegal.com/codes/struthers/latest/struthers_oh/0-0-0-13281,https://codelibrary.amlegal.com/codes/struthers/latest/struthers_oh/0-0-0-13254#JD_parteleventitleseven,text,,,,
David,,4701,3911336610,Ohio,Montgomery County,HUBER HEIGHTS,https://library.municode.com/oh/huber_heights,Municode,0,2,1,,https://library.municode.com/oh/huber_heights/codes/code_of_ordinances?nodeId=PTELEVENPLZOCO,https://library.municode.com/oh/huber_heights/codes/code_of_ordinances?nodeId=PTELEVENPLZOCO_TITFIVEZODI_CH1141DIESMABO_1141.01DI,https://library.municode.com/oh/huber_heights/codes/code_of_ordinances?nodeId=PTELEVENPLZOCO_TITFIVEZODI,table,,,,
David,,4784,3903571416,Ohio,Cuyahoga County,SEVEN HILLS,https://codelibrary.amlegal.com/codes/sevenhills/latest/overview,Americal Legal Publishing,1,2,1,No zoning abbreviations; sewer variations in density figures,https://codelibrary.amlegal.com/codes/sevenhills/latest/sevenhills_oh/0-0-0-17227,https://codelibrary.amlegal.com/codes/sevenhills/latest/sevenhills_oh/0-0-0-18400#JD_961.01,https://codelibrary.amlegal.com/codes/sevenhills/latest/sevenhills_oh/0-0-0-19904#JD_989.01,text,,,,
David,,4783,3915345976,Ohio,Summit County,MACEDONIA,https://codelibrary.amlegal.com/codes/macedonia/latest/overview,Americal Legal Publishing,1,2,1,,https://codelibrary.amlegal.com/codes/macedonia/latest/macedonia_oh/0-0-0-13339,https://codelibrary.amlegal.com/codes/macedonia/latest/macedonia_oh/0-0-0-14557,https://codelibrary.amlegal.com/codes/macedonia/latest/macedonia_oh/0-0-0-14573,text,,,,
David,,184,3904129694,Ohio,Delaware County,GENOA,https://codelibrary.amlegal.com/codes/genoa/latest/overview,Americal Legal Publishing,0,2,0,On file at village hall,https://codelibrary.amlegal.com/codes/genoa/latest/genoa_oh/0-0-0-15398,,,,,,,
David,,183,3915162078,Ohio,Stark County,PERRY,https://codelibrary.amlegal.com/codes/perryoh/latest/overview,Americal Legal Publishing,0,2,0,On file at village hall,https://codelibrary.amlegal.com/codes/perryoh/latest/perry_oh/0-0-0-10367,,,,,,,
David,,4930,4050100,Oklahoma,Canadian County,MUSTANG,https://library.municode.com/ok/mustang,Municode,0,1,1,,https://library.municode.com/ok/mustang/codes/code_of_ordinances?nodeId=PTIICOOR_CH122ZO,https://library.municode.com/ok/mustang/codes/code_of_ordinances?nodeId=PTIICOOR_CH122ZO_ARTIIIZODIESZOMA,https://library.municode.com/ok/mustang/codes/code_of_ordinances?nodeId=PTIICOOR_CH122ZO_ARTVREDI,text,,,,
David,,4923,4082950,Oklahoma,Canadian County,YUKON,https://library.municode.com/ok/yukon,Municode,0,1,1,,https://library.municode.com/ok/yukon/codes/code_of_ordinances?nodeId=PTIICOOR_APXAZOOR,https://library.municode.com/ok/yukon/codes/code_of_ordinances?nodeId=PTIICOOR_APXAZOOR_ART2ESDI_S201ZODI,https://library.municode.com/ok/yukon/codes/code_of_ordinances?nodeId=PTIICOOR_APXAZOOR_ART6SPDIRE,text,,,,
David,,4927,4037800,Oklahoma,Tulsa County,JENKS,https://library.municode.com/ok/jenks,Municode,1,1,0,NA - On file with city clerk,https://library.municode.com/ok/jenks/codes/code_of_ordinances?nodeId=COOR_CH16PLZO_ART2ZOOR,,,,,,,
David,,5031,4132050,Oregon,Clackamas County,HAPPY VALLEY,http://qcode.us/codes/happyvalley/?view=desktop,Quality Code,0,1,1,,http://qcode.us/codes/happyvalley/view.php?topic=16&frames=off,http://qcode.us/codes/happyvalley/view.php?topic=16-16_2-16_22&frames=off,http://qcode.us/codes/happyvalley/view.php?topic=16-16_2-16_22&frames=off,tables,,,,
Julia,,216,4201106504,Pennsylvania,Berks County,BIRDSBORO,https://www.codepublishing.com/PA/BirdsboroBorough/,Codebook,0,1,0,PDF and some conditions (ranges),https://www.codepublishing.com/PA/BirdsboroBorough/,NA (no separate link),NA (no separate link),"Tables, but not connected to zoning categories",,NA,Zoning chapter is a PDF,
Julia,,5174,4212950344,Pennsylvania,Westmoreland County,MONESSEN,https://ecode360.com/MO1700,General Code,0,1,1,No,https://ecode360.com/13061502,https://ecode360.com/13062067,https://ecode360.com/attachment/MO1700/MO1700-375b%20Table%20of%20Lot%20and%20Setback%20Req%20by%20Dist.pdf,Table,,Same,Density table is a PDF,
Julia,,5207,4400105140,Rhode Island,Bristol County,BARRINGTON,https://ecode360.com/BA1328,General Code,1,1,1,Conditions depend on number of units/lot,https://ecode360.com/7120841,https://ecode360.com/7121049,https://ecode360.com/attachment/BA1328/BA1328-185c%20Dimensional%20Regulations%20Table.pdf,Table,,Same,Density table is a PDF,
Julia,,5292,4536430,South Carolina,Charleston County,JAMES ISLAND,https://codelibrary.amlegal.com/codes/jamesisland/latest/overview,Americal Legal Publishing,1,1,1,No,https://codelibrary.amlegal.com/codes/jamesisland/latest/jamesisland_sc/0-0-0-2120#JD_Chapter153,https://codelibrary.amlegal.com/codes/jamesisland/latest/jamesisland_sc/0-0-0-3360#JD_153.065,https://codelibrary.amlegal.com/codes/jamesisland/latest/jamesisland_sc/0-0-0-3439,Table,,https://codelibrary.amlegal.com/codes/jamesisland/latest/jamesisland_sc/0-0-0-3445,Individual density tables for each district,
Julia,,5290,4535890,South Carolina,Richland County,IRMO,https://library.municode.com/sc/irmo,Municode,1,1,1,No,https://library.municode.com/sc/irmo/codes/code_of_ordinances?nodeId=COOR_APXAZOLADE,https://library.municode.com/sc/irmo/codes/code_of_ordinances?nodeId=COOR_APXAZOLADE_ARTIESZODIPUDIRUINDIBO,https://library.municode.com/sc/irmo/codes/code_of_ordinances?nodeId=COOR_APXAZOLADE_ARTIIIZOREUSLO_S3-1SCLOARYASEHEDEIMSURE,Table,,Same,,
Julia,,5294,4571417,South Carolina,York County,TEGA CAY,https://library.municode.com/sc/tega_cay,Municode,1,1,0,Not usable,https://library.municode.com/sc/tega_cay/codes/code_of_ordinances?nodeId=COOR_APXAZO,NA,NA,NA,,NA,Doesn't seem to have max density info,
Julia,,5453,4725760,Tennessee,Knox County,FARRAGUT,https://library.municode.com/tn/farragut,Municode,1,1,1,"No ranges, but text-based",https://library.municode.com/tn/farragut/codes/code_of_ordinances?nodeId=PTIICOOR_APXAZO,,https://library.municode.com/tn/farragut/codes/code_of_ordinances?nodeId=PTIICOOR_APXAZO_CH3SPDIRE_SIIIRUSIMIREDI,Text,Not a PDF,https://library.municode.com/tn/farragut/codes/code_of_ordinances?nodeId=PTIICOOR_APXAZO_CH3SPDIRE_SVIGESIMIREDI,Several different residential categories in individual sections,
Julia,,5470,4780200,Tennessee,Robertson County,WHITE HOUSE,https://www.whitehousetn.gov/home/showpublisheddocument/1439/637720446726800000,MTAS,0,1,0,Not usable,NA,NA,NA,NA,PDF,NA,PDF from 1995,
Julia,,5430,4716420,Tennessee,Shelby County,COLLIERVILLE,https://codelibrary.amlegal.com/codes/collierville/latest/overview,Americal Legal Publishing,0,1,1,Mostly straightfoward; some ranges for higher density residential,https://codelibrary.amlegal.com/codes/collierville/latest/collierv_tn/0-0-0-41935,https://codelibrary.amlegal.com/codes/collierville/latest/collierv_tn/0-0-0-42717#JD_151.020,https://codelibrary.amlegal.com/codes/collierville/latest/collierv_tn/0-0-0-43608#JD_151.027,Table,Not a PDF,Same,,
Julia,,5438,4728960,Tennessee,Shelby County,GERMANTOWN,https://library.municode.com/tn/germantown,Municode,0,1,1,,https://library.municode.com/tn/germantown/codes/code_of_ordinances?nodeId=PTIICOOR_CH23ZO,https://library.municode.com/tn/germantown/codes/code_of_ordinances?nodeId=PTIICOOR_CH23ZO_ARTIIIDI,https://library.municode.com/tn/germantown/codes/code_of_ordinances?nodeId=PTIICOOR_CH23ZO_ARTIIIDI_DIV6REDIRLODE,Text,Not a PDF,Several,,
Julia,,5433,4708280,Tennessee,Williamson County,BRENTWOOD,https://library.municode.com/tn/brentwood,Municode,1,1,1,,https://library.municode.com/tn/brentwood/codes/code_of_ordinances?nodeId=PTIICOOR_CH78ZO,https://library.municode.com/tn/brentwood/codes/code_of_ordinances?nodeId=PTIICOOR_CH78ZO_ARTIIIDIRE,https://library.municode.com/tn/brentwood/codes/code_of_ordinances?nodeId=PTIICOOR_CH78ZO_ARTIIIDIRE_DIV3LALORE,Text,Not a PDF,Several,,
Avi,,5882,4816468,Texas,Bexar County,CONVERSE,https://library.municode.com/tx/converse,Municode,0,1,0,No minimum lot sizes available,https://library.municode.com/tx/converse/codes/code_of_ordinances?nodeId=PTIICOOR_CH50ZO_ARTIINGE,https://library.municode.com/tx/converse/codes/code_of_ordinances?nodeId=PTIICOOR_CH50ZO_ARTIVDIDIRE_DIV1GE_S50-102ESDIBO,,NA,,,Doesn't seem to have lot size info,
Avi,,5841,4813492,Texas,Dallas County,CEDAR HILL,https://library.municode.com/tx/cedar_hill,Municode,0,1,1,,https://library.municode.com/tx/cedar_hill/codes/code_of_ordinances?nodeId=PTIICOOR_CH23ZOOR,https://library.municode.com/tx/cedar_hill/codes/code_of_ordinances?nodeId=PTIICOOR_CH23ZOOR_ART3ZODI_DIV3.1ZODIES,https://library.municode.com/tx/cedar_hill/codes/code_of_ordinances?nodeId=PTIICOOR_CH23ZOOR_ART3ZODI,Table,,,,
Avi,,5886,4864064,Texas,Dallas County,SACHSE,http://codes.franklinlegal.net/sachse-flp,Franklin Legal,1,1,1,Min lot size in both table and text,https://z2.franklinlegal.net/franklin/Z2Browser2.html?showset=sachseset&collection=sachse&doccode=z2Code_z20000016,https://z2.franklinlegal.net/franklin/Z2Browser2.html?showset=sachseset&collection=sachse&doccode=z2Code_z20000033,https://z2.franklinlegal.net/franklin/Z2Browser2.html?showset=sachseset&collection=sachse&doccode=z2Code_z20000035,Table,,,,
Avi,,5923,4854912,Texas,Gray County,PAMPA,http://codes.franklinlegal.net/pampa-flp,Franklin Legal,0,1,1,,https://z2codes.franklinlegal.net/franklin/Z2Browser2.html?showset=pampaset&collection=pampa&doccode=z2Code_z20001076,https://z2codes.franklinlegal.net/franklin/Z2Browser2.html?showset=pampaset&collection=pampa&doccode=z2Code_z20001091,https://z2codes.franklinlegal.net/franklin/Z2Browser2.html?showset=pampaset&collection=pampa&doccode=z2Code_z20001097,Table,,,,
Avi,,5941,4831328,Texas,Jefferson County,GROVES,https://library.municode.com/tx/groves,Municode,0,1,1,,https://library.municode.com/tx/groves/codes/code_of_ordinances?nodeId=PTIIIAP,https://library.municode.com/tx/groves/codes/code_of_ordinances?nodeId=PTIIIAP_APXAZO_ARTVIIIZODIRE,https://library.municode.com/tx/groves/codes/code_of_ordinances?nodeId=PTIIIAP_APXAZO_ARTVIIIZODIRE,Text/Table,,,,
Avi,,5903,4826604,Texas,Kaufman County,FORNEY,http://codes.franklinlegal.net/forney-flp,Franklin Legal,1,1,0,NA - At Office of City Secretary,,,,,,,,
Avi,,5966,4805168,Texas,Tarrant County,AZLE,http://codes.franklinlegal.net/azle-flp,Franklin Legal,0,1,1,Link to zoning chapter doesn't work,https://z2.franklinlegal.net/franklin/Z2Browser2.html?showset=forneyset&collection=forney&doccode=,https://z2.franklinlegal.net/franklin/Z2Browser2.html?showset=azleset&collection=azle&doccode=z2Code_z20000139,https://z2.franklinlegal.net/franklin/Z2Browser2.html?showset=azleset&collection=azle&doccode=z2Code_z20000139,Text,,,,
Avi,,5942,4817960,Texas,Tarrant County,CROWLEY,https://library.municode.com/tx/crowley,Municode,0,1,1,Lot sizes spread across chapters,https://library.municode.com/tx/crowley/codes/code_of_ordinances?nodeId=PTIICOOR_CH106ZO,https://library.municode.com/tx/crowley/codes/code_of_ordinances?nodeId=PTIICOOR_CH106ZO_ARTIIIDIDIRE_DIV1GE_S106-279ESDI,https://library.municode.com/tx/crowley/codes/code_of_ordinances?nodeId=PTIICOOR_CH106ZO_ARTIIIDIDIRE,Text/Table,,,,
Avi,,5871,4869032,Texas,Tarrant County,SOUTHLAKE,https://library.municode.com/tx/southlake,Municode,1,1,0,PDF; min lot size in both table/text,https://library.municode.com/tx/southlake/codes/development_ordinances?nodeId=13152,https://library.municode.com/tx/southlake/codes/development_ordinances?nodeId=Section%207%20-%20General%20District%20Regulations,https://library.municode.com/tx/southlake/codes/development_ordinances?nodeId=13152,Text/Table,,,,
Avi,,5889,4876672,Texas,Tarrant County,WATAUGA,https://library.municode.com/tx/watauga,Municode,1,1,1,,https://library.municode.com/tx/watauga/codes/code_of_ordinances?nodeId=SPBLADE_CH115ZO,https://library.municode.com/tx/watauga/codes/code_of_ordinances?nodeId=SPBLADE_CH115ZO_ARTIIIZODIESZOMADIRE_S115-59ESDI,https://library.municode.com/tx/watauga/codes/code_of_ordinances?nodeId=SPBLADE_CH115ZO_ARTIIIZODIESZOMADIRE_S115-62DIRE,Text,,,,
Avi,,5944,4840984,Texas,Travis County,LAKEWAY,http://codes.franklinlegal.net/lakeway-flp,Franklin Legal,1,1,1,Link to zoning chapter doesn't work; Min lot size in both table and text,https://z2.franklinlegal.net/franklin/Z2Browser2.html?showset=lakewayset&collection=lakeway&doccode=,https://z2.franklinlegal.net/franklin/Z2Browser2.html?showset=lakewayset&collection=lakeway&doccode=z2Code_z20000758,https://z2.franklinlegal.net/franklin/Z2Browser2.html?showset=lakewayset&collection=lakeway&doccode=z2Code_z20000763,Text/Table,,,,
Avi,,5887,4835624,Texas,Williamson County,HUTTO,http://codes.franklinlegal.net/hutto-flp,Franklin Legal,1,1,0,NA - Doesn't have zoning ordinance,,,,,,,,
David,,5902,4816696,Texas,Denton County,CORINTH,https://corinth.municipalcodeonline.com,Municode,0,2,1,,https://corinth.municipalcodeonline.com/book?type=development#name=Section_2_-_Zoning_Regulations,https://corinth.municipalcodeonline.com/book?type=development#name=2.03.02_-_Zoning_Districts_Established,https://corinth.municipalcodeonline.com/book?type=development#name=2.08.04_-_Residential_Dimensional_Regulations_Chart,table,,,,
David,,5845,4843012,Texas,Denton County,LITTLE ELM,https://library.municode.com/tx/little_elm,Municode,0,2,1,,https://library.municode.com/tx/little_elm/codes/code_of_ordinances?nodeId=PTIICOOR_CH106ZO,https://library.municode.com/tx/little_elm/codes/code_of_ordinances?nodeId=PTIICOOR_CH106ZO_ARTIGEPR_S106.01.06ZODIES,https://library.municode.com/tx/little_elm/codes/code_of_ordinances?nodeId=PTIICOOR_CH106ZO_ARTIIIZODI_S106.03.02ZODIES,multiple tables,,,,
David,,5855,4827648,Texas,Galveston County,FRIENDSWOOD,https://library.municode.com/tx/friendswood,Municode,0,2,1,Density table includes abbreviations for the OLD zoning ordinance and the NEW zoning ordinance,https://library.municode.com/tx/friendswood/codes/code_of_ordinances?nodeId=PTIICICO_APXCZO,,https://library.municode.com/tx/friendswood/codes/code_of_ordinances?nodeId=PTIICICO_APXCZO_S2ESDI,table,,,,
David,,5852,4866128,Texas,Guadalupe County,SCHERTZ,https://library.municode.com/tx/schertz,Municode,0,2,1,,https://library.municode.com/tx/schertz/codes/unified_development_code?nodeId=SCUNDECO_ART5ZODI,https://library.municode.com/tx/schertz/codes/unified_development_code?nodeId=SCUNDECO_ART5ZODI_S21.5.2ZODIESLI,https://library.municode.com/tx/schertz/codes/unified_development_code?nodeId=SCUNDECO_ART5ZODI_S21.5.7DIDEST,table,,,Called a Unified Development code,
David,,5964,4858940,Texas,Jefferson County,PORT NECHES,https://library.municode.com/tx/port_neches,Municode,0,2,1,,https://library.municode.com/tx/port_neches/codes/code_of_ordinances?nodeId=PTIICOOR_CH126ZO,https://library.municode.com/tx/port_neches/codes/code_of_ordinances?nodeId=PTIICOOR_CH126ZO_ART126.3ESDI_S126.3.3ZODIES,https://library.municode.com/tx/port_neches/codes/code_of_ordinances?nodeId=PTIICOOR_CH126ZO_ART126.4SCDIRE,text,,,,
David,,5844,4838632,Texas,Tarrant County,KELLER,https://library.municode.com/tx/keller,Municode,0,2,1,,https://library.municode.com/tx/keller/codes/code_of_ordinances?nodeId=PTIIIUNDECO_ARTEIGHTZODIDESTTRPR,https://library.municode.com/tx/keller/codes/code_of_ordinances?nodeId=PTIIIUNDECO_ARTEIGHTZODIDESTTRPR_S8.03ZODI,https://library.municode.com/tx/keller/codes/code_of_ordinances?nodeId=PTIIIUNDECO_ARTEIGHTZODIDESTTRPR_S8.03ZODI,table and text,,,,
David,,5894,4864112,Texas,Tarrant County,SAGINAW,https://library.municode.com/tx/saginaw,Municode,0,2,0,Tables are IMAGES - won't work,https://library.municode.com/tx/saginaw/codes/code_of_ordinances?nodeId=CICO_APXAZO,,https://library.municode.com/tx/saginaw/codes/code_of_ordinances?nodeId=CICO_APXAZO_ART6ZODI,image table,,,,
David,,5905,4850100,Texas,Collin County,MURPHY,http://codes.franklinlegal.net/murphy-flp,Franklin Legal,1,2,1,,https://z2.franklinlegal.net/franklin/Z2Browser2.html?showset=murphyset&collection=murphy&doccode=,https://z2.franklinlegal.net/franklin/Z2Browser2.html?showset=murphyset&collection=murphy&doccode=z2Code_z20001281,https://z2.franklinlegal.net/franklin/Z2Browser2.html?showset=murphyset&collection=murphy&doccode=z2Code_z20001486,table,,,,
David,,5931,4833848,Texas,Denton County,HIGHLAND VILLAGE,http://codes.franklinlegal.net/highlandvillage-flp,Franklin Legal,1,2,1,,https://z2.franklinlegal.net/franklin/Z2Browser2.html?showset=highlandvillageset,https://z2.franklinlegal.net/franklin/Z2Browser2.html?showset=highlandvillageset&collection=highlandvillage&doccode=z2Code_z20001406,https://z2.franklinlegal.net/franklin/Z2Browser2.html?showset=highlandvillageset&collection=highlandvillage&doccode=z2Code_z20001405,text,,,,
David,,5973,4873710,Texas,Denton County,TROPHY CLUB,http://codes.franklinlegal.net/trophyclub-flp,Franklin Legal,1,2,1,,https://z2.franklinlegal.net/franklin/Z2Browser2.html?showset=trophyclubset&collection=trophyclub&doccode=z2Code_z20000603,https://z2.franklinlegal.net/franklin/Z2Browser2.html?showset=trophyclubset&collection=trophyclub&doccode=z2Code_z20000618,https://z2.franklinlegal.net/franklin/Z2Browser2.html?showset=trophyclubset&collection=trophyclub&doccode=z2Code_z20000623,text within table,,,,
David,,5911,4834832,Texas,El Paso County,HORIZON CITY,http://codes.franklinlegal.net/horizoncity-flp,Franklin Legal,1,2,1,,https://z2codes.franklinlegal.net/franklin/Z2Browser2.html?showset=horizoncityset&collection=horizoncity&doccode=z2Code_z20000589,https://z2codes.franklinlegal.net/franklin/Z2Browser2.html?showset=horizoncityset&collection=horizoncity&doccode=z2Code_z20000621,https://z2codes.franklinlegal.net/franklin/Z2Browser2.html?showset=horizoncityset&collection=horizoncity&doccode=z2Code_z20000639,table,,,,
David,,5878,4814920,Texas,Guadalupe County,CIBOLO,https://library.municode.com/tx/cibolo,Municode,1,2,1,,https://library.municode.com/tx/cibolo/codes/code_of_ordinances?nodeId=n2013CIUNDECO_APXAUNDECO,https://library.municode.com/tx/cibolo/codes/code_of_ordinances?nodeId=n2013CIUNDECO_APXAUNDECO_ART4ZORE_S4.4ESZODI,https://library.municode.com/tx/cibolo/codes/code_of_ordinances?nodeId=n2013CIUNDECO_APXAUNDECO_ART14LODEST,table,,,,
David,,5914,4807300,Texas,Harris County,BELLAIRE,https://library.municode.com/tx/bellaire,Municode,1,2,1,,https://library.municode.com/tx/bellaire/codes/code_of_ordinances?nodeId=PTIICOOR_CH24PLZO_ARTVZORE,https://library.municode.com/tx/bellaire/codes/code_of_ordinances?nodeId=PTIICOOR_CH24PLZO_ARTVZORE_DIV1ZODIREGEAP_S24-501DIES,https://library.municode.com/tx/bellaire/codes/code_of_ordinances?nodeId=PTIICOOR_CH24PLZO_ARTVZORE_DIV2ZODIRE,text,,,,
David,,5938,4877956,Texas,Harris County,WEST UNIVERSITY PLACE,https://library.municode.com/tx/west_university_place,Municode,1,2,0,"Very complicated, convoluted table",https://library.municode.com/tx/west_university_place/codes/code_of_ordinances?nodeId=PTIICOOR_APXAZOOR,https://library.municode.com/tx/west_university_place/codes/code_of_ordinances?nodeId=PTIICOOR_APXAZOOR_ART3ZODIES,https://library.municode.com/tx/west_university_place/codes/code_of_ordinances?nodeId=PTIICOOR_APXAZOOR_ART7DIECRE,table - NOT GOOD,,,,
David,,5963,4825572,Texas,Rockwall County,FATE,https://library.municode.com/tx/fate,Municode,1,2,1,,https://library.municode.com/tx/fate/codes/code_of_ordinances?nodeId=SPBLADERE_CH36UNDEOR,https://library.municode.com/tx/fate/codes/code_of_ordinances?nodeId=SPBLADERE_CH36UNDEOR_ARTIIIZODI_S36-3.1GEALZODIZOMA,https://library.municode.com/tx/fate/codes/code_of_ordinances?nodeId=SPBLADERE_CH36UNDEOR_ARTIIIZODI_S36-3.2REZODI,table,,,,
David,,5884,4815988,Texas,Tarrant County,COLLEYVILLE,https://library.municode.com/tx/colleyville,Municode,1,2,1,,https://library.municode.com/tx/colleyville/codes/code_of_ordinances?nodeId=PTIICOOR_APXBLADECO_CH3LAUS,https://library.municode.com/tx/colleyville/codes/code_of_ordinances?nodeId=PTIICOOR_APXBLADECO,https://library.municode.com/tx/colleyville/codes/code_of_ordinances?nodeId=PTIICOOR_APXBLADECO_CH3LAUS_S3.24SCPEUS,table,,,,
David,,5959,4826544,Texas,Tarrant County,FOREST HILL,http://codes.franklinlegal.net/foresthill-flp,Franklin Legal,1,2,1,,https://z2codes.franklinlegal.net/franklin/Z2Browser2.html?showset=foresthillset&collection=foresthill&doccode=z2Code_z20000413,https://z2codes.franklinlegal.net/franklin/Z2Browser2.html?showset=foresthillset&collection=foresthill&doccode=z2Code_z20000422,https://z2codes.franklinlegal.net/franklin/Z2Browser2.html?showset=foresthillset&collection=foresthill&doccode=z2Code_z20000422,text,,,,
Avi,,6407,4969640,Utah,Cache County,SMITHFIELD,https://library.municode.com/ut/smithfield,Municode,0,1,1,Lot sizes spread across chapters; has bonus density points,https://smithfield.municipalcodeonline.com/book?type=ordinances#name=17_ZONING_REGULATIONS,https://smithfield.municipalcodeonline.com/book?type=ordinances#name=17.44_ZONES_GENERALLY,https://smithfield.municipalcodeonline.com/book?type=ordinances#name=17_ZONING_REGULATIONS,Text/Table,,,,
Avi,,6394,4924740,Utah,Davis County,FARMINGTON,https://codelibrary.amlegal.com/codes/farmingtonut/latest/overview,Americal Legal Publishing,0,1,1,Lot sizes spread across chapters; has bonus density points,https://codelibrary.amlegal.com/codes/farmingtonut/latest/farmington_ut/0-0-0-15233,https://codelibrary.amlegal.com/codes/farmingtonut/latest/farmington_ut/0-0-0-15233,https://codelibrary.amlegal.com/codes/farmingtonut/latest/farmington_ut/0-0-0-15233,Text,,,,
Avi,,6387,4940360,Utah,Davis County,KAYSVILLE,https://library.municode.com/ut/kaysville,Municode,0,1,1,Lot sizes spread across chapters,https://kaysville.municipalcodeonline.com/book?type=code#name=Title_17_Planning_And_Zoning,https://kaysville.municipalcodeonline.com/book?type=code#name=Chapter_7_Establishment_And_Designation_Of_Districts,https://kaysville.municipalcodeonline.com/book?type=code#name=Title_17_Planning_And_Zoning,text/table,,,,
Avi,,6428,4971180,Utah,Davis County,SOUTH WEBER,https://codelibrary.amlegal.com/codes/southweberut/latest/overview,Americal Legal Publishing,1,1,1,Lot sizes spread across chapters; has bonus density points,https://codelibrary.amlegal.com/codes/southweberut/latest/southweber_ut/0-0-0-3250,https://codelibrary.amlegal.com/codes/southweberut/latest/southweber_ut/0-0-0-3590,https://codelibrary.amlegal.com/codes/southweberut/latest/southweber_ut/0-0-0-3590,Text,,,,
Avi,,6406,4906810,Utah,Salt Lake County,BLUFFDALE,https://library.municode.com/ut/bluffdale,Municode,0,1,0,NA - At Office of City Recorder,,,,,,,,
Avi,,6382,4934970,Utah,Salt Lake County,HERRIMAN,https://codelibrary.amlegal.com/codes/herrimanut/latest/overview,Americal Legal Publishing,0,1,1,Lot sizes spread across chapters; has bonus density points,https://codelibrary.amlegal.com/codes/herrimanut/latest/herriman_ut/0-0-0-5646,https://codelibrary.amlegal.com/codes/herrimanut/latest/herriman_ut/0-0-0-10676,https://codelibrary.amlegal.com/codes/herrimanut/latest/herriman_ut/0-0-0-5646,Text/Table,,,Confusing density structure,
Avi,,6411,4900540,Utah,Utah County,ALPINE,https://library.municode.com/ut/alpine,Municode,1,1,1,Zones found on map; lot sizes spread across chapters,https://alpine.municipalcodeonline.com/book?type=development#name=3_Zoning,https://alpine.municipalcodeonline.com/book?type=development#name=3.01.100_Official_Zone_Map,https://alpine.municipalcodeonline.com/book?type=development#name=3_Zoning,Text,,,,
Avi,,6412,4911440,Utah,Utah County,CEDAR HILLS,https://codelibrary.amlegal.com/codes/cedarhillsut/latest/overview,Americal Legal Publishing,1,1,1,Lot sizes spread across chapters,https://codelibrary.amlegal.com/codes/cedarhillsut/latest/cedarhills_ut/0-0-0-4161,https://codelibrary.amlegal.com/codes/cedarhillsut/latest/cedarhills_ut/0-0-0-4289,https://codelibrary.amlegal.com/codes/cedarhillsut/latest/cedarhills_ut/0-0-0-4303,Text/Table,,,,
Avi,,6384,4971290,Utah,Utah County,SPANISH FORK,https://library.municode.com/ut/spanish_fork,Municode,0,1,1,Lot sizes spread across chapters,https://spanishfork.municipalcodeonline.com/book?type=ordinances#name=PART_3_COMPREHENSIVE_ZONING_ORDINANCE,https://spanishfork.municipalcodeonline.com/book?type=ordinances#name=15.3.12_Zoning_Districts,https://spanishfork.municipalcodeonline.com/book?type=ordinances#name=15.3.16_Zoning_District_Regulations,Text,,,,
Avi,,6403,4934200,Utah,Wasatch County,HEBER,https://library.municode.com/ut/heber,Municode,0,1,0,Not good; lot sizes spread across chapters,https://heber.municipalcodeonline.com/book?type=planzone,https://heber.municipalcodeonline.com/book?type=planzone#name=18.16_Zones_Generally,https://heber.municipalcodeonline.com/book?type=planzone,Text,,,,
Avi,,6425,4967660,Utah,Washington County,SANTA CLARA,https://codelibrary.amlegal.com/codes/santaclaraut/latest/overview,Americal Legal Publishing,1,1,1,Lot sizes spread across chapters,https://codelibrary.amlegal.com/codes/santaclaraut/latest/santaclara_ut/0-0-0-5811,https://codelibrary.amlegal.com/codes/santaclaraut/latest/santaclara_ut/0-0-0-7568,https://codelibrary.amlegal.com/codes/santaclaraut/latest/santaclara_ut/0-0-0-5811,Text/Table,,,,
Avi,,6398,4955100,Utah,Weber County,NORTH OGDEN,https://library.municode.com/ut/north_ogden,Municode,0,1,1,Lot sizes spread across chapters,https://northogden.municipalcodeonline.com/book?type=code#name=11:_ZONING_REGULATIONS,https://northogden.municipalcodeonline.com/book?type=code#name=11-6:_ZONES_AND_DISTRICTS,https://northogden.municipalcodeonline.com/book?type=code#name=11:_ZONING_REGULATIONS,Text,,,,
Avi,,282,5117795543,Virginia,Spotsylvania County,SALEM,https://library.municode.com/va/salem,Municode,0,1,1,Lot sizes spread across chapters,https://library.municode.com/va/salem/codes/code_of_ordinances?nodeId=PTIICO_CH106ZO,https://library.municode.com/va/salem/codes/code_of_ordinances?nodeId=PTIICO_CH106ZO_ARTIGEPR_S106-110ESZODI,https://library.municode.com/va/salem/codes/code_of_ordinances?nodeId=PTIICO_CH106ZO_ARTIIDIRE,Text,,,,
Avi,,6603,5309480,Washington,Clark County,CAMAS,https://library.municode.com/wa/camas,Municode,0,1,1,Lot sizes spread across chapters,https://library.municode.com/wa/camas/codes/code_of_ordinances?nodeId=TIT18ZO,https://library.municode.com/wa/camas/codes/code_of_ordinances?nodeId=TIT18ZO_CH18.05ZOMADI_18.05.020DIDE,https://library.municode.com/wa/camas/codes/code_of_ordinances?nodeId=TIT18ZO_CH18.05ZOMADI,Text,,,,
Avi,,6611,5315290,Washington,King County,COVINGTON,https://www.codepublishing.com/WA/Covington/,Codebook,1,1,1,,https://covington.municipal.codes/CMC/18,https://covington.municipal.codes/CMC/18.15.010,https://covington.municipal.codes/CMC/18.30.030,Table,,,,
Avi,,6598,5343150,Washington,King County,MAPLE VALLEY,https://www.codepublishing.com/WA/MapleValley/,Codebook,1,1,1,,https://www.codepublishing.com/WA/MapleValley/#!/html/MapleValley18/MapleValley1810.html,https://www.codepublishing.com/WA/MapleValley/#!/MapleValley18/MapleValley1810.html#18.10.040,https://www.codepublishing.com/WA/MapleValley/#!/html/MapleValley18/MapleValley1840.html,Table,,,,
Avi,,6632,5365205,Washington,King County,SNOQUALMIE,https://www.codepublishing.com/WA/Snoqualmie/,Codebook,1,1,1,,https://www.codepublishing.com/WA/Snoqualmie/#!/Snoqualmie17/Snoqualmie17.html,https://www.codepublishing.com/WA/Snoqualmie/#!/Snoqualmie17/Snoqualmie1715.html#17.15,https://www.codepublishing.com/WA/Snoqualmie/#!/Snoqualmie17/Snoqualmie1715.html#17.15,Table,,,,
Avi,,6592,5337900,Washington,Snohomish County,LAKE STEVENS,https://www.codepublishing.com/WA/LakeStevens/,Codebook,0,1,1,,https://www.codepublishing.com/WA/LakeStevens/#!/LakeStevens14/LakeStevens14.html,https://www.codepublishing.com/WA/LakeStevens/#!/LakeStevens14/LakeStevens1436.html#14.36,https://www.codepublishing.com/WA/LakeStevens/#!/LakeStevens14/LakeStevens1448.html#14.48.010,Table,,,,
,,,,,,,,,,,134,,,,,,,,,